latitude,longitude,elevation,,,
12.875,79.375,146,,,
,,,,,
time,temperature_2m (°C),relative_humidity_2m (%),shortwave_radiation (W/m²),direct_radiation (W/m²),diffuse_radiation (W/m²)
2024-12-01T00:00,23.6,96,0,0,0
2024-12-01T01:00,23.8,95,0,0,0
2024-12-01T02:00,23.7,96,0,0,0
2024-12-01T03:00,23.5,96,0,0,0
2024-12-01T04:00,23.5,96,0,0,0
2024-12-01T05:00,23.7,97,0,0,0
2024-12-01T06:00,24,95,0,0,0
2024-12-01T07:00,24.4,93,9,0,9
2024-12-01T08:00,24.4,93,18,0,18
2024-12-01T09:00,24.6,92,49,0,49
2024-12-01T10:00,24.7,92,60,0,60
2024-12-01T11:00,24.7,93,64,2,62
2024-12-01T12:00,24.8,94,93,11,82
2024-12-01T13:00,24.8,93,134,15,119
2024-12-01T14:00,24.7,94,88,0,88
2024-12-01T15:00,24.7,94,51,1,50
2024-12-01T16:00,24.5,94,33,1,32
2024-12-01T17:00,24.4,95,6,0,6
2024-12-01T18:00,24.2,96,0,0,0
2024-12-01T19:00,24.2,96,0,0,0
2024-12-01T20:00,24.1,96,0,0,0
2024-12-01T21:00,24.1,96,0,0,0
2024-12-01T22:00,24,96,0,0,0
2024-12-01T23:00,24,97,0,0,0
2024-12-02T00:00,23.8,97,0,0,0
2024-12-02T01:00,23.8,97,0,0,0
2024-12-02T02:00,23.8,97,0,0,0
2024-12-02T03:00,23.8,97,0,0,0
2024-12-02T04:00,23.8,97,0,0,0
2024-12-02T05:00,24,98,0,0,0
2024-12-02T06:00,24,98,0,0,0
2024-12-02T07:00,24.1,97,20,1,19
2024-12-02T08:00,24.6,96,97,23,74
2024-12-02T09:00,25.1,95,162,29,133
2024-12-02T10:00,25.8,93,276,63,213
2024-12-02T11:00,26.2,91,366,124,242
2024-12-02T12:00,26,93,241,51,190
2024-12-02T13:00,26.3,91,300,64,236
2024-12-02T14:00,25.7,94,197,21,176
2024-12-02T15:00,25.4,93,185,21,164
2024-12-02T16:00,25,94,74,0,74
2024-12-02T17:00,25.2,95,18,0,18
2024-12-02T18:00,24.8,95,0,0,0
2024-12-02T19:00,24.5,96,0,0,0
2024-12-02T20:00,24.3,97,0,0,0
2024-12-02T21:00,24.2,97,0,0,0
2024-12-02T22:00,24.1,97,0,0,0
2024-12-02T23:00,24.4,98,0,0,0
2024-12-03T00:00,24.2,98,0,0,0
2024-12-03T01:00,24.1,98,0,0,0
2024-12-03T02:00,24,97,0,0,0
2024-12-03T03:00,23.9,97,0,0,0
2024-12-03T04:00,23.8,97,0,0,0
2024-12-03T05:00,24,98,0,0,0
2024-12-03T06:00,23.9,98,0,0,0
2024-12-03T07:00,24.1,97,37,9,28
2024-12-03T08:00,24.8,95,121,41,80
2024-12-03T09:00,26.1,90,277,138,139
2024-12-03T10:00,27,88,443,250,193
2024-12-03T11:00,27.3,88,594,339,255
2024-12-03T12:00,28.2,85,624,332,292
2024-12-03T13:00,28.1,84,399,172,227
2024-12-03T14:00,28.1,84,415,205,210
2024-12-03T15:00,27.4,86,264,119,145
2024-12-03T16:00,26.4,91,85,6,79
2024-12-03T17:00,26.6,90,35,3,32
2024-12-03T18:00,25.7,92,1,0,1
2024-12-03T19:00,25.3,93,0,0,0
2024-12-03T20:00,24.9,95,0,0,0
2024-12-03T21:00,24.7,97,0,0,0
2024-12-03T22:00,24.5,98,0,0,0
2024-12-03T23:00,24.7,98,0,0,0
2024-12-04T00:00,24.5,98,0,0,0
2024-12-04T01:00,24.4,99,0,0,0
2024-12-04T02:00,24.3,99,0,0,0
2024-12-04T03:00,24.2,99,0,0,0
2024-12-04T04:00,24.2,98,0,0,0
2024-12-04T05:00,24.1,97,0,0,0
2024-12-04T06:00,24.1,97,0,0,0
2024-12-04T07:00,24.6,96,61,21,40
2024-12-04T08:00,25.9,90,219,126,93
2024-12-04T09:00,26.5,86,366,225,141
2024-12-04T10:00,27.4,83,528,320,208
2024-12-04T11:00,28,80,536,325,211
2024-12-04T12:00,28.3,80,576,319,257
2024-12-04T13:00,28,82,481,244,237
2024-12-04T14:00,27.7,83,383,158,225
2024-12-04T15:00,27.4,84,327,125,202
2024-12-04T16:00,26.8,86,189,53,136
2024-12-04T17:00,26.4,89,45,2,43
2024-12-04T18:00,25.7,92,1,0,1
2024-12-04T19:00,25.2,94,0,0,0
2024-12-04T20:00,25,94,0,0,0
2024-12-04T21:00,24.8,94,0,0,0
2024-12-04T22:00,24.6,95,0,0,0
2024-12-04T23:00,24.6,96,0,0,0
2024-12-05T00:00,24.6,96,0,0,0
2024-12-05T01:00,24.4,96,0,0,0
2024-12-05T02:00,24.4,97,0,0,0
2024-12-05T03:00,24.3,97,0,0,0
2024-12-05T04:00,24.2,97,0,0,0
2024-12-05T05:00,24.2,96,0,0,0
2024-12-05T06:00,24.1,96,0,0,0
2024-12-05T07:00,24.7,96,62,21,41
2024-12-05T08:00,26,90,231,129,102
2024-12-05T09:00,26.6,87,370,222,148
2024-12-05T10:00,27.1,86,539,348,191
2024-12-05T11:00,28,82,555,297,258
2024-12-05T12:00,28.7,78,649,407,242
2024-12-05T13:00,29,76,602,399,203
2024-12-05T14:00,29.1,76,561,368,193
2024-12-05T15:00,28.5,77,412,246,166
2024-12-05T16:00,27.5,81,216,107,109
2024-12-05T17:00,27.7,78,76,30,46
2024-12-05T18:00,26.7,85,1,0,1
2024-12-05T19:00,26.1,89,0,0,0
2024-12-05T20:00,25.5,92,0,0,0
2024-12-05T21:00,25,95,0,0,0
2024-12-05T22:00,24.6,97,0,0,0
2024-12-05T23:00,24.8,96,0,0,0
2024-12-06T00:00,24.5,97,0,0,0
2024-12-06T01:00,24.3,97,0,0,0
2024-12-06T02:00,24,98,0,0,0
2024-12-06T03:00,23.6,100,0,0,0
2024-12-06T04:00,23.5,100,0,0,0
2024-12-06T05:00,23.5,99,0,0,0
2024-12-06T06:00,23.4,100,0,0,0
2024-12-06T07:00,24.1,98,69,25,44
2024-12-06T08:00,26.2,88,241,126,115
2024-12-06T09:00,27.2,80,417,276,141
2024-12-06T10:00,28.4,74,580,385,195
2024-12-06T11:00,29.8,69,618,404,214
2024-12-06T12:00,30.3,67,686,493,193
2024-12-06T13:00,30.4,65,659,440,219
2024-12-06T14:00,30.2,66,599,405,194
2024-12-06T15:00,29.9,67,454,311,143
2024-12-06T16:00,29.3,67,251,149,102
2024-12-06T17:00,28.4,72,72,25,47
2024-12-06T18:00,27,83,1,0,1
2024-12-06T19:00,26.4,87,0,0,0
2024-12-06T20:00,26,89,0,0,0
2024-12-06T21:00,25.4,91,0,0,0
2024-12-06T22:00,24.9,94,0,0,0
2024-12-06T23:00,24.7,96,0,0,0
2024-12-07T00:00,24.5,97,0,0,0
2024-12-07T01:00,24.4,98,0,0,0
2024-12-07T02:00,24.3,98,0,0,0
2024-12-07T03:00,24.2,98,0,0,0
2024-12-07T04:00,24.2,98,0,0,0
2024-12-07T05:00,24,99,0,0,0
2024-12-07T06:00,23.8,98,0,0,0
2024-12-07T07:00,24.4,97,63,19,44
2024-12-07T08:00,26.2,87,250,144,106
2024-12-07T09:00,27.2,79,417,259,158
2024-12-07T10:00,28.2,74,529,342,187
2024-12-07T11:00,29.3,70,651,446,205
2024-12-07T12:00,30.1,65,738,525,213
2024-12-07T13:00,29.9,65,657,452,205
2024-12-07T14:00,29.9,68,522,297,225
2024-12-07T15:00,29.2,72,381,229,152
2024-12-07T16:00,28.5,73,219,119,100
2024-12-07T17:00,28,76,67,23,44
2024-12-07T18:00,27.6,78,1,0,1
2024-12-07T19:00,27,79,0,0,0
2024-12-07T20:00,25.9,84,0,0,0
2024-12-07T21:00,25,87,0,0,0
2024-12-07T22:00,24.2,91,0,0,0
2024-12-07T23:00,24,92,0,0,0
2024-12-08T00:00,23.7,93,0,0,0
2024-12-08T01:00,23.3,94,0,0,0
2024-12-08T02:00,22.7,97,0,0,0
2024-12-08T03:00,22.3,99,0,0,0
2024-12-08T04:00,22.3,99,0,0,0
2024-12-08T05:00,22,100,0,0,0
2024-12-08T06:00,22,100,0,0,0
2024-12-08T07:00,22.7,99,56,8,48
2024-12-08T08:00,24.6,94,209,82,127
2024-12-08T09:00,26.3,78,435,275,160
2024-12-08T10:00,27.5,72,603,397,206
2024-12-08T11:00,29,66,698,469,229
2024-12-08T12:00,29.9,62,776,549,227
2024-12-08T13:00,30.4,58,747,535,212
2024-12-08T14:00,30.4,57,551,381,170
2024-12-08T15:00,30.3,56,445,296,149
2024-12-08T16:00,29.5,60,257,148,109
2024-12-08T17:00,28,72,102,55,47
2024-12-08T18:00,26.7,80,1,0,1
2024-12-08T19:00,26,84,0,0,0
2024-12-08T20:00,25.6,85,0,0,0
2024-12-08T21:00,25.1,88,0,0,0
2024-12-08T22:00,24.6,92,0,0,0
2024-12-08T23:00,24.6,95,0,0,0
2024-12-09T00:00,24.3,96,0,0,0
2024-12-09T01:00,24,97,0,0,0
2024-12-09T02:00,23.5,99,0,0,0
2024-12-09T03:00,23.1,100,0,0,0
2024-12-09T04:00,23,100,0,0,0
2024-12-09T05:00,22.9,100,0,0,0
2024-12-09T06:00,22.9,100,0,0,0
2024-12-09T07:00,23.5,99,56,13,43
2024-12-09T08:00,25.3,91,215,103,112
2024-12-09T09:00,26.6,80,373,203,170
2024-12-09T10:00,27.7,74,557,368,189
2024-12-09T11:00,28.9,69,653,464,189
2024-12-09T12:00,29.9,64,758,570,188
2024-12-09T13:00,30.4,60,709,485,224
2024-12-09T14:00,30.1,60,517,351,166
2024-12-09T15:00,29.7,62,435,283,152
2024-12-09T16:00,28.8,66,270,165,105
2024-12-09T17:00,28.1,72,102,50,52
2024-12-09T18:00,26.9,80,2,1,1
2024-12-09T19:00,26.1,84,0,0,0
2024-12-09T20:00,25.4,87,0,0,0
2024-12-09T21:00,24.8,90,0,0,0
2024-12-09T22:00,24.3,93,0,0,0
2024-12-09T23:00,24.1,95,0,0,0
2024-12-10T00:00,23.9,96,0,0,0
2024-12-10T01:00,23.7,96,0,0,0
2024-12-10T02:00,23.5,97,0,0,0
2024-12-10T03:00,23.4,96,0,0,0
2024-12-10T04:00,23.4,96,0,0,0
2024-12-10T05:00,23.3,95,0,0,0
2024-12-10T06:00,23.5,94,0,0,0
2024-12-10T07:00,24.2,91,72,14,58
2024-12-10T08:00,25.9,83,261,136,125
2024-12-10T09:00,27.1,74,409,220,189
2024-12-10T10:00,28.3,69,581,380,201
2024-12-10T11:00,29,68,671,452,219
2024-12-10T12:00,29.8,63,673,399,274
2024-12-10T13:00,30.4,59,651,421,230
2024-12-10T14:00,30.5,58,569,367,202
2024-12-10T15:00,30,60,430,226,204
2024-12-10T16:00,29,64,222,56,166
2024-12-10T17:00,27.6,75,65,1,64
2024-12-10T18:00,26.6,81,2,0,2
2024-12-10T19:00,25.9,85,0,0,0
2024-12-10T20:00,25.3,88,0,0,0
2024-12-10T21:00,24.8,90,0,0,0
2024-12-10T22:00,24.5,92,0,0,0
2024-12-10T23:00,24.4,90,0,0,0
2024-12-11T00:00,24.2,90,0,0,0
2024-12-11T01:00,24,90,0,0,0
2024-12-11T02:00,24.1,88,0,0,0
2024-12-11T03:00,24.1,87,0,0,0
2024-12-11T04:00,24.1,86,0,0,0
2024-12-11T05:00,24.1,87,0,0,0
2024-12-11T06:00,24.2,87,0,0,0
2024-12-11T07:00,24.5,87,22,0,22
2024-12-11T08:00,24.9,88,75,0,75
2024-12-11T09:00,25.5,84,140,0,140
2024-12-11T10:00,26.1,81,228,3,225
2024-12-11T11:00,26.2,80,256,3,253
2024-12-11T12:00,26.5,78,280,0,280
2024-12-11T13:00,26.5,78,237,0,237
2024-12-11T14:00,26.2,80,156,0,156
2024-12-11T15:00,26.1,81,155,2,153
2024-12-11T16:00,25.8,83,105,0,105
2024-12-11T17:00,24.8,91,37,1,36
2024-12-11T18:00,24.5,93,1,0,1
2024-12-11T19:00,24.2,94,0,0,0
2024-12-11T20:00,24.1,94,0,0,0
2024-12-11T21:00,23.9,95,0,0,0
2024-12-11T22:00,23.7,94,0,0,0
2024-12-11T23:00,23.8,94,0,0,0
2024-12-12T00:00,23.7,95,0,0,0
2024-12-12T01:00,23.5,95,0,0,0
2024-12-12T02:00,23.4,95,0,0,0
2024-12-12T03:00,23.2,96,0,0,0
2024-12-12T04:00,23.2,96,0,0,0
2024-12-12T05:00,23.3,97,0,0,0
2024-12-12T06:00,23.3,97,0,0,0
2024-12-12T07:00,23.5,96,13,0,13
2024-12-12T08:00,23.6,97,36,0,36
2024-12-12T09:00,23.8,96,65,0,65
2024-12-12T10:00,24.1,96,106,0,106
2024-12-12T11:00,24.6,95,155,3,152
2024-12-12T12:00,24.6,95,126,3,123
2024-12-12T13:00,24.4,96,74,0,74
2024-12-12T14:00,24.3,96,55,0,55
2024-12-12T15:00,24.4,95,81,0,81
2024-12-12T16:00,24.4,96,65,2,63
2024-12-12T17:00,24.4,98,14,0,14
2024-12-12T18:00,24.1,97,0,0,0
2024-12-12T19:00,24,97,0,0,0
2024-12-12T20:00,23.9,97,0,0,0
2024-12-12T21:00,23.8,96,0,0,0
2024-12-12T22:00,23.6,97,0,0,0
2024-12-12T23:00,23.6,98,0,0,0
2024-12-13T00:00,23.5,97,0,0,0
2024-12-13T01:00,23.5,96,0,0,0
2024-12-13T02:00,23.6,96,0,0,0
2024-12-13T03:00,23.5,96,0,0,0
2024-12-13T04:00,23.6,95,0,0,0
2024-12-13T05:00,23.5,95,0,0,0
2024-12-13T06:00,23.5,94,0,0,0
2024-12-13T07:00,23.8,94,44,1,43
2024-12-13T08:00,24.4,92,134,16,118
2024-12-13T09:00,25.1,89,222,17,205
2024-12-13T10:00,25.3,87,281,23,258
2024-12-13T11:00,25.7,86,400,71,329
2024-12-13T12:00,26.6,81,476,104,372
2024-12-13T13:00,26.8,78,425,90,335
2024-12-13T14:00,26.7,78,408,106,302
2024-12-13T15:00,26.2,80,278,33,245
2024-12-13T16:00,25.5,84,181,13,168
2024-12-13T17:00,25.2,88,64,2,62
2024-12-13T18:00,24.6,90,1,0,1
2024-12-13T19:00,24.3,90,0,0,0
2024-12-13T20:00,24,90,0,0,0
2024-12-13T21:00,23.8,91,0,0,0
2024-12-13T22:00,23.6,91,0,0,0
2024-12-13T23:00,23.6,90,0,0,0
2024-12-14T00:00,23.5,90,0,0,0
2024-12-14T01:00,23.3,90,0,0,0
2024-12-14T02:00,23,91,0,0,0
2024-12-14T03:00,22.8,91,0,0,0
2024-12-14T04:00,22.6,91,0,0,0
2024-12-14T05:00,22,91,0,0,0
2024-12-14T06:00,21.9,90,0,0,0
2024-12-14T07:00,22.2,90,43,1,42
2024-12-14T08:00,23.1,87,139,10,129
2024-12-14T09:00,23.8,84,247,18,229
2024-12-14T10:00,24.4,80,358,41,317
2024-12-14T11:00,26.2,72,599,285,314
2024-12-14T12:00,26.7,67,702,462,240
2024-12-14T13:00,26.9,66,614,379,235
2024-12-14T14:00,26.8,65,531,341,190
2024-12-14T15:00,26.2,67,400,248,152
2024-12-14T16:00,25.6,71,275,161,114
2024-12-14T17:00,25,77,102,48,54
2024-12-14T18:00,23.8,82,3,1,2
2024-12-14T19:00,22.9,82,0,0,0
2024-12-14T20:00,22.2,82,0,0,0
2024-12-14T21:00,21.6,83,0,0,0
2024-12-14T22:00,21.1,84,0,0,0
2024-12-14T23:00,21.2,84,0,0,0
2024-12-15T00:00,20.7,85,0,0,0
2024-12-15T01:00,20.4,85,0,0,0
2024-12-15T02:00,20.1,86,0,0,0
2024-12-15T03:00,19.8,87,0,0,0
2024-12-15T04:00,19.8,87,0,0,0
2024-12-15T05:00,19.5,91,0,0,0
2024-12-15T06:00,19.4,92,0,0,0
2024-12-15T07:00,20.1,92,56,13,43
2024-12-15T08:00,22.2,87,229,107,122
2024-12-15T09:00,24,80,396,190,206
2024-12-15T10:00,24.8,75,491,235,256
2024-12-15T11:00,26.2,67,588,215,373
2024-12-15T12:00,26.7,63,689,390,299
2024-12-15T13:00,27,61,623,365,258
2024-12-15T14:00,27.2,60,587,356,231
2024-12-15T15:00,26.7,64,478,299,179
2024-12-15T16:00,25.8,67,327,225,102
2024-12-15T17:00,24.8,74,112,55,57
2024-12-15T18:00,23.4,81,3,1,2
2024-12-15T19:00,22.7,85,0,0,0
2024-12-15T20:00,22.1,86,0,0,0
2024-12-15T21:00,21.7,86,0,0,0
2024-12-15T22:00,21.5,87,0,0,0
2024-12-15T23:00,21.9,86,0,0,0
2024-12-16T00:00,21.7,87,0,0,0
2024-12-16T01:00,21.5,89,0,0,0
2024-12-16T02:00,21.4,89,0,0,0
2024-12-16T03:00,21.2,88,0,0,0
2024-12-16T04:00,20.7,88,0,0,0
2024-12-16T05:00,20.1,91,0,0,0
2024-12-16T06:00,19.9,90,0,0,0
2024-12-16T07:00,20.5,89,66,14,52
2024-12-16T08:00,23,84,268,161,107
2024-12-16T09:00,24.2,76,458,310,148
2024-12-16T10:00,25.2,70,591,385,206
2024-12-16T11:00,26,66,705,466,239
2024-12-16T12:00,26.9,62,753,518,235
2024-12-16T13:00,27.1,62,730,498,232
2024-12-16T14:00,27.2,62,640,420,220
2024-12-16T15:00,26.9,65,500,324,176
2024-12-16T16:00,26.2,67,302,178,124
2024-12-16T17:00,25.2,72,101,42,59
2024-12-16T18:00,23.8,78,3,0,3
2024-12-16T19:00,22.8,80,0,0,0
2024-12-16T20:00,22.1,82,0,0,0
2024-12-16T21:00,21.5,84,0,0,0
2024-12-16T22:00,21.1,84,0,0,0
2024-12-16T23:00,21,85,0,0,0
2024-12-17T00:00,21.1,82,0,0,0
2024-12-17T01:00,21,82,0,0,0
2024-12-17T02:00,20.6,83,0,0,0
2024-12-17T03:00,20.3,84,0,0,0
2024-12-17T04:00,20.3,83,0,0,0
2024-12-17T05:00,20.9,83,0,0,0
2024-12-17T06:00,21,82,0,0,0
2024-12-17T07:00,21.3,83,29,0,29
2024-12-17T08:00,22.2,81,113,11,102
2024-12-17T09:00,23.2,77,258,56,202
2024-12-17T10:00,23.5,76,265,38,227
2024-12-17T11:00,25.8,69,296,29,267
2024-12-17T12:00,26.5,67,532,185,347
2024-12-17T13:00,26.9,68,531,167,364
2024-12-17T14:00,26.4,70,336,30,306
2024-12-17T15:00,25.9,71,231,14,217
2024-12-17T16:00,25.1,76,108,1,107
2024-12-17T17:00,25,75,38,1,37
2024-12-17T18:00,24.2,79,1,0,1
2024-12-17T19:00,24,80,0,0,0
2024-12-17T20:00,23.7,80,0,0,0
2024-12-17T21:00,23.5,80,0,0,0
2024-12-17T22:00,23.2,81,0,0,0
2024-12-17T23:00,23.2,83,0,0,0
2024-12-18T00:00,23.1,84,0,0,0
2024-12-18T01:00,23.1,84,0,0,0
2024-12-18T02:00,23,84,0,0,0
2024-12-18T03:00,23,85,0,0,0
2024-12-18T04:00,22.8,87,0,0,0
2024-12-18T05:00,22.6,90,0,0,0
2024-12-18T06:00,22.5,90,0,0,0
2024-12-18T07:00,22.9,91,35,3,32
2024-12-18T08:00,23.9,88,105,21,84
2024-12-18T09:00,24.8,85,231,76,155
2024-12-18T10:00,25.5,84,271,74,197
2024-12-18T11:00,26.6,81,398,119,279
2024-12-18T12:00,27.3,79,365,104,261
2024-12-18T13:00,27.7,77,361,115,246
2024-12-18T14:00,28,76,460,180,280
2024-12-18T15:00,26.6,84,217,56,161
2024-12-18T16:00,26.1,88,122,19,103
2024-12-18T17:00,25.3,91,60,5,55
2024-12-18T18:00,24.8,93,1,0,1
2024-12-18T19:00,24.6,93,0,0,0
2024-12-18T20:00,24.5,92,0,0,0
2024-12-18T21:00,24.4,91,0,0,0
2024-12-18T22:00,24.2,91,0,0,0
2024-12-18T23:00,24.1,91,0,0,0
2024-12-19T00:00,24,91,0,0,0
2024-12-19T01:00,23.8,91,0,0,0
2024-12-19T02:00,23.7,91,0,0,0
2024-12-19T03:00,23.5,91,0,0,0
2024-12-19T04:00,23.4,91,0,0,0
2024-12-19T05:00,23.2,92,0,0,0
2024-12-19T06:00,23,92,0,0,0
2024-12-19T07:00,23.6,91,44,3,41
2024-12-19T08:00,25.1,87,175,51,124
2024-12-19T09:00,26,82,318,132,186
2024-12-19T10:00,26.9,78,374,134,240
2024-12-19T11:00,26.9,80,357,118,239
2024-12-19T12:00,27.9,77,437,160,277
2024-12-19T13:00,28.1,76,383,121,262
2024-12-19T14:00,28,78,377,125,252
2024-12-19T15:00,27.5,80,247,53,194
2024-12-19T16:00,26.6,85,145,10,135
2024-12-19T17:00,26,89,54,1,53
2024-12-19T18:00,25.5,91,2,0,2
2024-12-19T19:00,25.3,91,0,0,0
2024-12-19T20:00,25.1,91,0,0,0
2024-12-19T21:00,25,91,0,0,0
2024-12-19T22:00,25.1,90,0,0,0
2024-12-19T23:00,25,91,0,0,0
2024-12-20T00:00,24.9,91,0,0,0
2024-12-20T01:00,24.6,93,0,0,0
2024-12-20T02:00,24.5,92,0,0,0
2024-12-20T03:00,24.4,90,0,0,0
2024-12-20T04:00,24.3,90,0,0,0
2024-12-20T05:00,24.2,90,0,0,0
2024-12-20T06:00,24,91,0,0,0
2024-12-20T07:00,24.5,91,48,10,38
2024-12-20T08:00,25.8,88,185,59,126
2024-12-20T09:00,27,81,364,184,180
2024-12-20T10:00,27.9,77,488,312,176
2024-12-20T11:00,28.4,76,529,328,201
2024-12-20T12:00,29.5,71,599,377,222
2024-12-20T13:00,30,68,591,364,227
2024-12-20T14:00,29.8,69,485,297,188
2024-12-20T15:00,29.2,73,415,275,140
2024-12-20T16:00,28.8,76,277,172,105
2024-12-20T17:00,27.6,84,100,40,60
2024-12-20T18:00,26.7,88,3,0,3
2024-12-20T19:00,26.1,89,0,0,0
2024-12-20T20:00,25.6,91,0,0,0
2024-12-20T21:00,25.2,93,0,0,0
2024-12-20T22:00,24.8,95,0,0,0
2024-12-20T23:00,24.7,95,0,0,0
2024-12-21T00:00,24.4,96,0,0,0
2024-12-21T01:00,24.1,97,0,0,0
2024-12-21T02:00,23.8,97,0,0,0
2024-12-21T03:00,23.6,97,0,0,0
2024-12-21T04:00,23.4,97,0,0,0
2024-12-21T05:00,23.4,96,0,0,0
2024-12-21T06:00,23.2,97,0,0,0
2024-12-21T07:00,23.6,97,63,23,40
2024-12-21T08:00,25.6,91,261,172,89
2024-12-21T09:00,27.1,84,424,272,152
2024-12-21T10:00,28.4,76,577,392,185
2024-12-21T11:00,29.1,72,598,385,213
2024-12-21T12:00,30,67,685,439,246
2024-12-21T13:00,30.3,66,677,463,214
2024-12-21T14:00,30.6,65,632,470,162
2024-12-21T15:00,30.2,65,471,313,158
2024-12-21T16:00,29.5,69,298,185,113
2024-12-21T17:00,28.6,74,109,51,58
2024-12-21T18:00,27,81,4,1,3
2024-12-21T19:00,26.2,85,0,0,0
2024-12-21T20:00,25.5,90,0,0,0
2024-12-21T21:00,24.9,93,0,0,0
2024-12-21T22:00,24.4,94,0,0,0
2024-12-21T23:00,24.4,93,0,0,0
2024-12-22T00:00,23.9,94,0,0,0
2024-12-22T01:00,23.6,96,0,0,0
2024-12-22T02:00,23.2,97,0,0,0
2024-12-22T03:00,23,98,0,0,0
2024-12-22T04:00,22.7,99,0,0,0
2024-12-22T05:00,23.2,97,0,0,0
2024-12-22T06:00,22.7,98,0,0,0
2024-12-22T07:00,23.1,98,61,22,39
2024-12-22T08:00,25,91,227,115,112
2024-12-22T09:00,26.3,82,363,216,147
2024-12-22T10:00,27.4,75,539,344,195
2024-12-22T11:00,28.4,70,665,462,203
2024-12-22T12:00,29.2,65,679,453,226
2024-12-22T13:00,29.6,62,631,408,223
2024-12-22T14:00,29.9,61,590,352,238
2024-12-22T15:00,29.6,61,428,212,216
2024-12-22T16:00,28.8,64,247,98,149
2024-12-22T17:00,27.4,74,104,33,71
2024-12-22T18:00,25.8,82,4,1,3
2024-12-22T19:00,24.9,87,0,0,0
2024-12-22T20:00,24.3,90,0,0,0
2024-12-22T21:00,23.8,93,0,0,0
2024-12-22T22:00,23.4,94,0,0,0
2024-12-22T23:00,23.2,94,0,0,0
2024-12-23T00:00,22.8,96,0,0,0
2024-12-23T01:00,22.4,97,0,0,0
2024-12-23T02:00,21.9,98,0,0,0
2024-12-23T03:00,21.6,98,0,0,0
2024-12-23T04:00,21.3,98,0,0,0
2024-12-23T05:00,20.7,99,0,0,0
2024-12-23T06:00,20.3,100,0,0,0
2024-12-23T07:00,20.9,98,64,25,39
2024-12-23T08:00,23.8,89,272,185,87
2024-12-23T09:00,25.5,76,451,295,156
2024-12-23T10:00,26.5,71,607,414,193
2024-12-23T11:00,27.9,68,752,574,178
2024-12-23T12:00,28.8,64,804,592,212
2024-12-23T13:00,29.4,62,755,525,230
2024-12-23T14:00,29.7,59,648,447,201
2024-12-23T15:00,29.5,60,489,308,181
2024-12-23T16:00,28.9,58,300,175,125
2024-12-23T17:00,27.6,65,123,65,58
2024-12-23T18:00,26.1,73,4,1,3
2024-12-23T19:00,25.2,78,0,0,0
2024-12-23T20:00,24.4,80,0,0,0
2024-12-23T21:00,24.1,81,0,0,0
2024-12-23T22:00,24.2,80,0,0,0
2024-12-23T23:00,24,81,0,0,0
2024-12-24T00:00,23.7,81,0,0,0
2024-12-24T01:00,23.2,84,0,0,0
2024-12-24T02:00,23.1,83,0,0,0
2024-12-24T03:00,23.1,82,0,0,0
2024-12-24T04:00,23,81,0,0,0
2024-12-24T05:00,22.5,83,0,0,0
2024-12-24T06:00,22.4,84,0,0,0
2024-12-24T07:00,22.8,86,43,9,34
2024-12-24T08:00,24.4,81,183,70,113
2024-12-24T09:00,25.2,77,239,73,166
2024-12-24T10:00,26.3,72,357,135,222
2024-12-24T11:00,26.6,74,362,139,223
2024-12-24T12:00,26.9,74,342,82,260
2024-12-24T13:00,26.6,78,195,44,151
2024-12-24T14:00,25.8,85,84,10,74
2024-12-24T15:00,25.6,85,103,31,72
2024-12-24T16:00,25.1,87,40,5,35
2024-12-24T17:00,24.5,91,13,2,11
2024-12-24T18:00,24.3,91,1,0,1
2024-12-24T19:00,24.1,92,0,0,0
2024-12-24T20:00,24,92,0,0,0
2024-12-24T21:00,23.8,91,0,0,0
2024-12-24T22:00,23.7,92,0,0,0
2024-12-24T23:00,23.4,92,0,0,0
2024-12-25T00:00,23.3,92,0,0,0
2024-12-25T01:00,23.2,93,0,0,0
2024-12-25T02:00,23.1,93,0,0,0
2024-12-25T03:00,23,93,0,0,0
2024-12-25T04:00,23,93,0,0,0
2024-12-25T05:00,22.7,93,0,0,0
2024-12-25T06:00,22.5,94,0,0,0
2024-12-25T07:00,22.9,94,53,17,36
2024-12-25T08:00,24.7,89,212,102,110
2024-12-25T09:00,25.9,81,314,132,182
2024-12-25T10:00,26.7,78,366,183,183
2024-12-25T11:00,27.6,75,420,243,177
2024-12-25T12:00,27.7,75,372,170,202
2024-12-25T13:00,27.9,74,409,208,201
2024-12-25T14:00,27.9,75,411,190,221
2024-12-25T15:00,27.9,75,310,100,210
2024-12-25T16:00,27.8,77,239,108,131
2024-12-25T17:00,26.2,86,97,40,57
2024-12-25T18:00,25.4,89,4,1,3
2024-12-25T19:00,24.8,91,0,0,0
2024-12-25T20:00,24.6,90,0,0,0
2024-12-25T21:00,24.4,90,0,0,0
2024-12-25T22:00,24.2,91,0,0,0
2024-12-25T23:00,24.2,91,0,0,0
2024-12-26T00:00,24,91,0,0,0
2024-12-26T01:00,24,91,0,0,0
2024-12-26T02:00,23.9,91,0,0,0
2024-12-26T03:00,24,91,0,0,0
2024-12-26T04:00,24,91,0,0,0
2024-12-26T05:00,24.2,91,0,0,0
2024-12-26T06:00,24,92,0,0,0
2024-12-26T07:00,24.2,92,17,3,14
2024-12-26T08:00,24.4,92,54,13,41
2024-12-26T09:00,24.8,91,129,44,85
2024-12-26T10:00,25.3,91,212,69,143
2024-12-26T11:00,26.3,89,360,143,217
2024-12-26T12:00,25.8,91,227,62,165
2024-12-26T13:00,26.4,90,216,59,157
2024-12-26T14:00,26.2,89,258,87,171
2024-12-26T15:00,25.6,89,227,78,149
2024-12-26T16:00,25.2,92,119,47,72
2024-12-26T17:00,25.1,91,61,19,42
2024-12-26T18:00,24.5,93,3,0,3
2024-12-26T19:00,24.2,95,0,0,0
2024-12-26T20:00,24,96,0,0,0
2024-12-26T21:00,23.8,97,0,0,0
2024-12-26T22:00,23.7,97,0,0,0
2024-12-26T23:00,23.9,96,0,0,0
2024-12-27T00:00,23.7,96,0,0,0
2024-12-27T01:00,23.5,96,0,0,0
2024-12-27T02:00,23.3,97,0,0,0
2024-12-27T03:00,23,97,0,0,0
2024-12-27T04:00,22.9,98,0,0,0
2024-12-27T05:00,23.2,97,0,0,0
2024-12-27T06:00,23.2,97,0,0,0
2024-12-27T07:00,23.4,97,23,4,19
2024-12-27T08:00,23.8,96,86,27,59
2024-12-27T09:00,24.3,94,191,73,118
2024-12-27T10:00,25.2,91,299,117,182
2024-12-27T11:00,26.2,88,398,167,231
2024-12-27T12:00,26.2,86,268,108,160
2024-12-27T13:00,26.9,80,399,202,197
2024-12-27T14:00,26.3,81,354,160,194
2024-12-27T15:00,26.4,80,271,102,169
2024-12-27T16:00,26.4,79,207,80,127
2024-12-27T17:00,26.2,79,81,24,57
2024-12-27T18:00,25.1,84,3,0,3
2024-12-27T19:00,24.6,86,0,0,0
2024-12-27T20:00,24.2,89,0,0,0
2024-12-27T21:00,23.9,90,0,0,0
2024-12-27T22:00,23.7,90,0,0,0
2024-12-27T23:00,23.6,91,0,0,0
2024-12-28T00:00,23.3,92,0,0,0
2024-12-28T01:00,23.2,91,0,0,0
2024-12-28T02:00,23,91,0,0,0
2024-12-28T03:00,22.8,91,0,0,0
2024-12-28T04:00,22.7,91,0,0,0
2024-12-28T05:00,22.6,94,0,0,0
2024-12-28T06:00,22.4,94,0,0,0
2024-12-28T07:00,22.9,93,42,13,29
2024-12-28T08:00,24.4,88,183,93,90
2024-12-28T09:00,25.6,81,379,228,151
2024-12-28T10:00,26.5,75,538,354,184
2024-12-28T11:00,27.9,70,643,431,212
2024-12-28T12:00,28.5,65,611,398,213
2024-12-28T13:00,28.8,65,625,438,187
2024-12-28T14:00,28.6,65,479,302,177
2024-12-28T15:00,28.5,66,455,294,161
2024-12-28T16:00,27.9,68,312,193,119
2024-12-28T17:00,26.9,76,133,76,57
2024-12-28T18:00,25.5,83,6,2,4
2024-12-28T19:00,24.6,88,0,0,0
2024-12-28T20:00,24,92,0,0,0
2024-12-28T21:00,23.3,94,0,0,0
2024-12-28T22:00,22.8,95,0,0,0
2024-12-28T23:00,22.9,95,0,0,0
2024-12-29T00:00,22.8,94,0,0,0
2024-12-29T01:00,22.8,93,0,0,0
2024-12-29T02:00,22.7,93,0,0,0
2024-12-29T03:00,22.5,93,0,0,0
2024-12-29T04:00,22.2,94,0,0,0
2024-12-29T05:00,22.3,94,0,0,0
2024-12-29T06:00,22.3,93,0,0,0
2024-12-29T07:00,22.9,93,41,12,29
2024-12-29T08:00,24.7,87,203,110,93
2024-12-29T09:00,25.6,77,397,245,152
2024-12-29T10:00,26.5,73,522,327,195
2024-12-29T11:00,27.8,68,603,404,199
2024-12-29T12:00,28.5,64,662,420,242
2024-12-29T13:00,28.9,62,677,437,240
2024-12-29T14:00,29,60,566,330,236
2024-12-29T15:00,28.7,61,514,358,156
2024-12-29T16:00,27.7,66,320,197,123
2024-12-29T17:00,26.6,75,113,47,66
2024-12-29T18:00,25.4,82,3,0,3
2024-12-29T19:00,24.7,84,0,0,0
2024-12-29T20:00,24.1,86,0,0,0
2024-12-29T21:00,23.6,87,0,0,0
2024-12-29T22:00,23.1,88,0,0,0
2024-12-29T23:00,23.2,89,0,0,0
2024-12-30T00:00,22.9,89,0,0,0
2024-12-30T01:00,22.7,90,0,0,0
2024-12-30T02:00,22.7,90,0,0,0
2024-12-30T03:00,22.6,89,0,0,0
2024-12-30T04:00,22.5,89,0,0,0
2024-12-30T05:00,23,91,0,0,0
2024-12-30T06:00,22.9,91,0,0,0
2024-12-30T07:00,23.3,91,33,7,26
2024-12-30T08:00,24.4,88,149,62,87
2024-12-30T09:00,25.3,84,328,183,145
2024-12-30T10:00,25.8,83,426,227,199
2024-12-30T11:00,26.5,81,508,290,218
2024-12-30T12:00,27.3,76,512,273,239
2024-12-30T13:00,28.5,69,594,322,272
2024-12-30T14:00,28.9,62,555,309,246
2024-12-30T15:00,28.5,61,477,269,208
2024-12-30T16:00,27.6,63,330,207,123
2024-12-30T17:00,26.6,72,138,83,55
2024-12-30T18:00,25.1,78,7,2,5
2024-12-30T19:00,24.2,84,0,0,0
2024-12-30T20:00,23.5,88,0,0,0
2024-12-30T21:00,22.9,90,0,0,0
2024-12-30T22:00,22.5,91,0,0,0
2024-12-30T23:00,22.9,88,0,0,0
2024-12-31T00:00,22.6,88,0,0,0
2024-12-31T01:00,22.4,88,0,0,0
2024-12-31T02:00,22.2,89,0,0,0
2024-12-31T03:00,22,90,0,0,0
2024-12-31T04:00,21.8,92,0,0,0
2024-12-31T05:00,21.9,93,0,0,0
2024-12-31T06:00,21.7,93,0,0,0
2024-12-31T07:00,22.3,92,50,18,32
2024-12-31T08:00,24,85,229,125,104
2024-12-31T09:00,25.2,78,398,248,150
2024-12-31T10:00,26.4,72,532,340,192
2024-12-31T11:00,27.7,67,702,476,226
2024-12-31T12:00,28.5,61,740,527,213
2024-12-31T13:00,28.9,58,741,529,212
2024-12-31T14:00,28.8,58,639,428,211
2024-12-31T15:00,28.2,61,510,342,168
2024-12-31T16:00,27.3,66,331,222,109
2024-12-31T17:00,26.4,74,135,69,66
2024-12-31T18:00,25.1,80,7,2,5
2024-12-31T19:00,24.3,84,0,0,0
2024-12-31T20:00,23.7,88,0,0,0
2024-12-31T21:00,23.1,90,0,0,0
2024-12-31T22:00,22.5,91,0,0,0
2024-12-31T23:00,22.6,90,0,0,0
