latitude,longitude,elevation,utc_offset_seconds,timezone,timezone_abbreviation,,,
38.5625,-8.875,55,0,Europe/Lisbon,WET,,,
,,,,,,,,
time,temperature_2m (°C),relative_humidity_2m (%),rain (mm),cloud_cover (%),wind_speed_10m (km/h),shortwave_radiation (W/m²),direct_radiation (W/m²),diffuse_radiation (W/m²)
2022-12-01T00:00,12.6,100,0,100,6.4,0,0,0
2022-12-01T01:00,12.5,98,0,100,7.4,0,0,0
2022-12-01T02:00,12.5,97,0,100,9.8,0,0,0
2022-12-01T03:00,12.3,96,0,98,10.7,0,0,0
2022-12-01T04:00,11.9,95,0,100,12.1,0,0,0
2022-12-01T05:00,11.7,94,0,100,13,0,0,0
2022-12-01T06:00,11.2,96,0,99,12.8,0,0,0
2022-12-01T07:00,11.2,94,0,100,10.4,0,0,0
2022-12-01T08:00,11.2,94,0,100,10,1,0,1
2022-12-01T09:00,11.1,93,0,100,12.6,27,1,26
2022-12-01T10:00,11.3,90,0,99,14.8,69,2,67
2022-12-01T11:00,11.8,88,0,98,16.3,107,6,101
2022-12-01T12:00,13.4,82,0,70,15.4,250,86,164
2022-12-01T13:00,14.6,77,0,24,15,451,305,146
2022-12-01T14:00,15.3,73,0,38,14.8,442,335,107
2022-12-01T15:00,15.4,73,0,8,14.8,358,269,89
2022-12-01T16:00,15.1,74,0,0,12.5,233,177,56
2022-12-01T17:00,14.1,80,0,0,8,82,53,29
2022-12-01T18:00,13,83,0,0,5.8,1,0,1
2022-12-01T19:00,12.3,86,0,0,5.9,0,0,0
2022-12-01T20:00,11.8,86,0,0,6,0,0,0
2022-12-01T21:00,11.4,87,0,0,5.5,0,0,0
2022-12-01T22:00,10.8,88,0,0,5.4,0,0,0
2022-12-01T23:00,10.3,89,0,0,5.1,0,0,0
2022-12-02T00:00,9.7,89,0,0,5.1,0,0,0
2022-12-02T01:00,9.4,87,0,0,5.1,0,0,0
2022-12-02T02:00,9,88,0,0,4.7,0,0,0
2022-12-02T03:00,8.5,89,0,0,4.7,0,0,0
2022-12-02T04:00,8,90,0,0,4.7,0,0,0
2022-12-02T05:00,7.6,90,0,0,5.4,0,0,0
2022-12-02T06:00,7,89,0,0,5.8,0,0,0
2022-12-02T07:00,6.8,89,0,0,5.4,0,0,0
2022-12-02T08:00,6.5,89,0,0,5.1,6,2,4
2022-12-02T09:00,7.6,85,0,0,5.4,114,78,36
2022-12-02T10:00,9.4,77,0,0,7.9,272,218,54
2022-12-02T11:00,11.3,74,0,0,7.9,401,339,62
2022-12-02T12:00,12.8,72,0,0,8.6,482,417,65
2022-12-02T13:00,14,70,0,0,7.9,507,441,66
2022-12-02T14:00,14.8,71,0,19,7.1,469,402,67
2022-12-02T15:00,15.4,71,0,20,5.4,375,304,71
2022-12-02T16:00,15.4,70,0,19,4.7,237,178,59
2022-12-02T17:00,14.5,76,0,0,2.9,83,52,31
2022-12-02T18:00,13.2,80,0,0,2.5,1,0,1
2022-12-02T19:00,12.4,82,0,0,2.9,0,0,0
2022-12-02T20:00,11.6,87,0,27,3.7,0,0,0
2022-12-02T21:00,10.9,90,0,35,4.7,0,0,0
2022-12-02T22:00,10.9,88,0,30,5.9,0,0,0
2022-12-02T23:00,10.9,85,0,22,5.5,0,0,0
2022-12-03T00:00,11.2,87,0,42,6.6,0,0,0
2022-12-03T01:00,10.8,89,0,40,6,0,0,0
2022-12-03T02:00,10.6,90,0,41,6.5,0,0,0
2022-12-03T03:00,10.6,89,0,6,5.7,0,0,0
2022-12-03T04:00,10.4,89,0,1,6.4,0,0,0
2022-12-03T05:00,10.2,88,0,20,6.3,0,0,0
2022-12-03T06:00,9.5,91,0,70,6.5,0,0,0
2022-12-03T07:00,9.4,91,0,62,5.9,0,0,0
2022-12-03T08:00,9.1,93,0,61,5.8,4,1,3
2022-12-03T09:00,9.9,90,0,88,6.5,86,33,53
2022-12-03T10:00,10.9,87,0,94,7.5,144,39,105
2022-12-03T11:00,11.8,86,0,99,9.4,146,22,124
2022-12-03T12:00,13.2,86,0,89,7.8,112,5,107
2022-12-03T13:00,13.9,83,0.1,86,8.1,259,91,168
2022-12-03T14:00,14.7,80,0,81,6.5,286,128,158
2022-12-03T15:00,15,79,0,82,6,268,140,128
2022-12-03T16:00,14.9,80,0,69,5.1,170,81,89
2022-12-03T17:00,14.3,84,0,79,3.1,66,26,40
2022-12-03T18:00,13.3,94,0,91,2,1,0,1
2022-12-03T19:00,12.8,96,0,85,1.8,0,0,0
2022-12-03T20:00,12.3,98,0,90,3.2,0,0,0
2022-12-03T21:00,12.1,99,0,87,3.6,0,0,0
2022-12-03T22:00,11.9,99,0,86,3.1,0,0,0
2022-12-03T23:00,11.4,100,0,72,4.7,0,0,0
2022-12-04T00:00,11.9,96,0,76,5.6,0,0,0
2022-12-04T01:00,11.6,96,0,53,4.5,0,0,0
2022-12-04T02:00,11.3,96,0,100,4.9,0,0,0
2022-12-04T03:00,11.1,96,0,39,4.5,0,0,0
2022-12-04T04:00,10.7,96,0,31,4.3,0,0,0
2022-12-04T05:00,10.3,96,0,22,2.9,0,0,0
2022-12-04T06:00,10.3,99,0,72,0.8,0,0,0
2022-12-04T07:00,10.2,99,0,87,3.7,0,0,0
2022-12-04T08:00,10.3,100,0,93,4,3,0,3
2022-12-04T09:00,11.4,99,0,85,5.8,66,19,47
2022-12-04T10:00,12.5,93,0,99,8.9,166,66,100
2022-12-04T11:00,13.5,88,0,97,11.3,226,87,139
2022-12-04T12:00,14.4,87,0,77,11.1,271,100,171
2022-12-04T13:00,15,83,0,78,9.8,346,174,172
2022-12-04T14:00,15.4,81,0,77,9.7,317,156,161
2022-12-04T15:00,15.5,78,0,97,11,268,138,130
2022-12-04T16:00,15.2,81,0,100,10.7,149,37,112
2022-12-04T17:00,14.6,84,0,100,8.2,42,1,41
2022-12-04T18:00,14,87,0,100,7.8,1,0,1
2022-12-04T19:00,14,84,0,100,7.6,0,0,0
2022-12-04T20:00,13.7,84,0,100,11,0,0,0
2022-12-04T21:00,13.7,83,0,100,13.7,0,0,0
2022-12-04T22:00,13.3,86,0,100,13.6,0,0,0
2022-12-04T23:00,13,88,0,100,13.3,0,0,0
2022-12-05T00:00,13.3,91,0,100,14.1,0,0,0
2022-12-05T01:00,13.2,92,0.1,100,12.5,0,0,0
2022-12-05T02:00,12.9,95,0,100,11,0,0,0
2022-12-05T03:00,13,96,0,100,11.2,0,0,0
2022-12-05T04:00,13.1,97,0,100,10.2,0,0,0
2022-12-05T05:00,13.2,97,0,97,10.2,0,0,0
2022-12-05T06:00,13.3,97,0,100,12,0,0,0
2022-12-05T07:00,13.6,97,0.1,100,11.3,0,0,0
2022-12-05T08:00,13.8,97,0.3,100,11.1,1,0,1
2022-12-05T09:00,14.2,96,0.1,100,11.3,33,0,33
2022-12-05T10:00,14.8,94,0.1,100,15.5,89,0,89
2022-12-05T11:00,15.4,90,0.1,100,14.3,137,4,133
2022-12-05T12:00,15.8,89,0,100,9.7,124,2,122
2022-12-05T13:00,16.1,90,0,100,6.7,165,2,163
2022-12-05T14:00,15.8,91,0,100,7.4,166,10,156
2022-12-05T15:00,15.6,93,0.1,100,6.6,99,7,92
2022-12-05T16:00,15.2,92,0.1,99,4.8,61,5,56
2022-12-05T17:00,14.9,93,0.1,100,1.6,20,2,18
2022-12-05T18:00,14.5,96,0,99,0.8,0,0,0
2022-12-05T19:00,14.3,97,0,98,4.1,0,0,0
2022-12-05T20:00,14.2,96,0,92,6.8,0,0,0
2022-12-05T21:00,13.7,96,0,88,6.3,0,0,0
2022-12-05T22:00,13.3,96,0,74,5.5,0,0,0
2022-12-05T23:00,13,96,0,67,4.6,0,0,0
2022-12-06T00:00,12.8,98,0,87,3.8,0,0,0
2022-12-06T01:00,12.6,98,0,78,4.5,0,0,0
2022-12-06T02:00,12.7,98,0,85,4.4,0,0,0
2022-12-06T03:00,12.9,96,0,83,4.4,0,0,0
2022-12-06T04:00,12.7,96,0,72,3.7,0,0,0
2022-12-06T05:00,12.3,97,0,65,4.2,0,0,0
2022-12-06T06:00,11.8,98,0,75,3.7,0,0,0
2022-12-06T07:00,11.9,96,0,83,2.9,0,0,0
2022-12-06T08:00,11.9,96,0,44,1.8,3,1,2
2022-12-06T09:00,12.3,97,0,100,3.3,94,52,42
2022-12-06T10:00,14.3,91,0,100,3.7,223,125,98
2022-12-06T11:00,15.4,83,0,100,6.4,290,123,167
2022-12-06T12:00,15.5,86,0,100,5.2,259,56,203
2022-12-06T13:00,15.6,87,0,100,7.1,281,106,175
2022-12-06T14:00,15.5,86,0,100,6.8,235,45,190
2022-12-06T15:00,15.8,83,0,98,4.6,242,100,142
2022-12-06T16:00,15.6,84,0,100,4.1,153,44,109
2022-12-06T17:00,14.8,90,0,100,3.8,48,1,47
2022-12-06T18:00,13.9,95,0,97,4.1,1,0,1
2022-12-06T19:00,13.3,95,0,93,1.8,0,0,0
2022-12-06T20:00,12.8,97,0,65,1.3,0,0,0
2022-12-06T21:00,12.4,99,0,81,1.8,0,0,0
2022-12-06T22:00,12.3,100,0,86,2.5,0,0,0
2022-12-06T23:00,12.2,100,0,86,2.9,0,0,0
2022-12-07T00:00,12.5,100,0,75,4.2,0,0,0
2022-12-07T01:00,12.2,100,0,81,4,0,0,0
2022-12-07T02:00,12.3,99,0,89,5.1,0,0,0
2022-12-07T03:00,12.1,100,0,100,6.6,0,0,0
2022-12-07T04:00,12.2,100,0,100,7.1,0,0,0
2022-12-07T05:00,12.2,100,0,100,9.1,0,0,0
2022-12-07T06:00,11.7,100,0,100,11.9,0,0,0
2022-12-07T07:00,11.5,99,0,100,13.8,0,0,0
2022-12-07T08:00,11.7,96,0,100,15.3,2,0,2
2022-12-07T09:00,12.5,94,0,100,13.7,33,0,33
2022-12-07T10:00,13,91,0,100,18.4,62,0,62
2022-12-07T11:00,13.3,90,0,100,17.7,69,1,68
2022-12-07T12:00,13.2,92,0,100,15,57,1,56
2022-12-07T13:00,13.7,91,0,100,20.5,74,0,74
2022-12-07T14:00,14.1,89,0,100,21.5,112,2,110
2022-12-07T15:00,14.2,91,0.1,100,20.5,57,2,55
2022-12-07T16:00,14.3,91,0.1,100,21.7,42,0,42
2022-12-07T17:00,14.3,93,0,100,21.1,16,0,16
2022-12-07T18:00,14.4,96,0,99,22.8,0,0,0
2022-12-07T19:00,14.5,96,0,100,21.5,0,0,0
2022-12-07T20:00,14.5,96,0,100,21,0,0,0
2022-12-07T21:00,14.7,96,0,100,18.6,0,0,0
2022-12-07T22:00,14.9,96,0,100,20.4,0,0,0
2022-12-07T23:00,15,96,0,100,17.3,0,0,0
2022-12-08T00:00,16.1,97,0,100,19.4,0,0,0
2022-12-08T01:00,16.2,97,0,100,20.6,0,0,0
2022-12-08T02:00,16.2,95,0,92,21.6,0,0,0
2022-12-08T03:00,16.1,93,0,83,20.3,0,0,0
2022-12-08T04:00,16,91,0,72,19.9,0,0,0
2022-12-08T05:00,15.5,92,0,61,18.2,0,0,0
2022-12-08T06:00,15.2,95,0,87,12.3,0,0,0
2022-12-08T07:00,15,94,0,83,11.5,0,0,0
2022-12-08T08:00,15,95,0,88,12,2,0,2
2022-12-08T09:00,15,92,0,83,14.5,52,17,35
2022-12-08T10:00,15.5,91,0,83,14.8,159,69,90
2022-12-08T11:00,16.1,88,0,79,15.3,250,113,137
2022-12-08T12:00,16.8,84,0,64,19.4,311,157,154
2022-12-08T13:00,17,82,0,74,23,367,212,155
2022-12-08T14:00,16.3,88,0,85,21.8,324,170,154
2022-12-08T15:00,16.2,86,0,100,22.4,226,76,150
2022-12-08T16:00,15.8,89,0,79,19.9,136,44,92
2022-12-08T17:00,15.4,91,0,100,17,53,16,37
2022-12-08T18:00,15.2,89,0,76,13.2,1,0,1
2022-12-08T19:00,15.2,91,0,84,13.9,0,0,0
2022-12-08T20:00,15.1,92,0,100,13.3,0,0,0
2022-12-08T21:00,15.2,92,0,100,14.8,0,0,0
2022-12-08T22:00,15.2,92,0,100,14.3,0,0,0
2022-12-08T23:00,15.3,93,0,100,16.2,0,0,0
2022-12-09T00:00,15.1,93,0,100,17.7,0,0,0
2022-12-09T01:00,15,93,0,100,18.3,0,0,0
2022-12-09T02:00,15.1,92,0,100,19,0,0,0
2022-12-09T03:00,15,93,0,100,18.4,0,0,0
2022-12-09T04:00,14.9,92,0,100,18,0,0,0
2022-12-09T05:00,14.8,93,0,100,15.4,0,0,0
2022-12-09T06:00,14.9,94,0,100,16.4,0,0,0
2022-12-09T07:00,14.8,93,0,100,14.2,0,0,0
2022-12-09T08:00,14.7,94,0,100,12.9,2,0,2
2022-12-09T09:00,15,92,0,100,13.5,50,3,47
2022-12-09T10:00,15.6,89,0,100,16.7,151,24,127
2022-12-09T11:00,15.8,89,0,100,17.4,210,54,156
2022-12-09T12:00,16.9,83,0,100,17.3,262,75,187
2022-12-09T13:00,16.6,85,0,100,18.7,357,213,144
2022-12-09T14:00,16.8,84,0,53,18,335,178,157
2022-12-09T15:00,16.8,82,0,50,17.3,293,191,102
2022-12-09T16:00,16.3,86,0,53,15.5,189,114,75
2022-12-09T17:00,15.6,89,0,57,13.1,64,30,34
2022-12-09T18:00,15.1,91,0,55,9.6,1,0,1
2022-12-09T19:00,14.9,91,0,53,8,0,0,0
2022-12-09T20:00,14.5,92,0,52,6.7,0,0,0
2022-12-09T21:00,14.3,92,0,61,7.6,0,0,0
2022-12-09T22:00,14.2,90,0,56,7.4,0,0,0
2022-12-09T23:00,13.9,91,0,59,6.3,0,0,0
2022-12-10T00:00,13.6,93,0,100,7.7,0,0,0
2022-12-10T01:00,13.6,91,0,100,7.1,0,0,0
2022-12-10T02:00,13.5,90,0,100,7.2,0,0,0
2022-12-10T03:00,13.4,89,0,51,7.8,0,0,0
2022-12-10T04:00,13,89,0,74,6.7,0,0,0
2022-12-10T05:00,12.5,90,0,43,6.8,0,0,0
2022-12-10T06:00,12.1,89,0,87,6.2,0,0,0
2022-12-10T07:00,11.8,87,0,69,5.3,0,0,0
2022-12-10T08:00,11.3,89,0,79,4.4,2,0,2
2022-12-10T09:00,12,87,0,21,5.1,87,49,38
2022-12-10T10:00,13.7,78,0,38,6.6,238,179,59
2022-12-10T11:00,14.6,74,0,60,8.8,359,280,79
2022-12-10T12:00,15.1,68,0,98,8,388,244,144
2022-12-10T13:00,15.5,63,0,100,9.8,385,227,158
2022-12-10T14:00,15.5,63,0,100,10.4,328,137,191
2022-12-10T15:00,15.3,65,0,100,9.4,235,51,184
2022-12-10T16:00,14.7,69,0,100,6.8,138,18,120
2022-12-10T17:00,14,73,0,100,6.3,30,1,29
2022-12-10T18:00,13.3,83,0,100,3.7,0,0,0
2022-12-10T19:00,13,87,0.6,100,3.2,0,0,0
2022-12-10T20:00,13,88,0.5,100,3.8,0,0,0
2022-12-10T21:00,13.2,92,1,100,7.1,0,0,0
2022-12-10T22:00,13,94,0.9,100,12.7,0,0,0
2022-12-10T23:00,13.1,94,1.6,100,15.1,0,0,0
2022-12-11T00:00,14.2,98,0,100,18.8,0,0,0
2022-12-11T01:00,15,97,5.5,100,21,0,0,0
2022-12-11T02:00,16.1,97,9,100,24.3,0,0,0
2022-12-11T03:00,17.8,95,3.8,100,29.3,0,0,0
2022-12-11T04:00,18.3,92,3,100,34.3,0,0,0
2022-12-11T05:00,18.5,92,0,100,29.9,0,0,0
2022-12-11T06:00,18.2,91,0,100,32.3,0,0,0
2022-12-11T07:00,18.1,91,0,100,27.9,0,0,0
2022-12-11T08:00,17.7,91,0,100,26.9,1,0,1
2022-12-11T09:00,17.8,87,0,94,24.9,43,8,35
2022-12-11T10:00,17.8,88,0,88,24.4,117,42,75
2022-12-11T11:00,18.4,80,0,54,27.7,243,122,121
2022-12-11T12:00,18.6,82,0,72,28.4,322,193,129
2022-12-11T13:00,18.5,84,0,100,24.6,305,162,143
2022-12-11T14:00,17.9,87,0,100,23.4,258,90,168
2022-12-11T15:00,17.8,87,0,100,21,168,18,150
2022-12-11T16:00,17.6,88,0,89,17.7,119,19,100
2022-12-11T17:00,17,91,0,86,14.2,48,12,36
2022-12-11T18:00,16.7,95,0,66,10.1,1,0,1
2022-12-11T19:00,16.6,95,0,100,9,0,0,0
2022-12-11T20:00,16.4,96,0,99,8.8,0,0,0
2022-12-11T21:00,16.3,96,0,72,8.7,0,0,0
2022-12-11T22:00,16.4,96,0,89,9.2,0,0,0
2022-12-11T23:00,16.5,97,0,100,9.8,0,0,0
2022-12-12T00:00,17.1,98,0,100,13,0,0,0
2022-12-12T01:00,17,97,0,100,14.8,0,0,0
2022-12-12T02:00,17.3,96,0,100,16,0,0,0
2022-12-12T03:00,17.4,96,0,100,17.4,0,0,0
2022-12-12T04:00,17.4,95,0,100,19.8,0,0,0
2022-12-12T05:00,17.5,94,0.1,100,20.3,0,0,0
2022-12-12T06:00,17.4,95,0,100,21.8,0,0,0
2022-12-12T07:00,17.5,94,0,99,24.1,0,0,0
2022-12-12T08:00,17.5,94,0,100,25.1,1,0,1
2022-12-12T09:00,17.7,94,0.2,100,28.8,16,0,16
2022-12-12T10:00,17.8,94,2.6,100,26.2,28,1,27
2022-12-12T11:00,18.2,92,0,100,26.6,74,7,67
2022-12-12T12:00,18.5,91,0,100,29.8,51,0,51
2022-12-12T13:00,18.5,91,0.2,100,31.5,100,12,88
2022-12-12T14:00,18.3,91,0.3,100,28.7,73,0,73
2022-12-12T15:00,18.4,93,0.7,100,26.4,52,0,52
2022-12-12T16:00,18.3,92,0,100,23.7,28,0,28
2022-12-12T17:00,18.2,93,0.2,100,20.9,15,0,15
2022-12-12T18:00,18.4,95,0,100,21.4,0,0,0
2022-12-12T19:00,18.2,95,0,100,19.9,0,0,0
2022-12-12T20:00,18.2,95,0.2,100,20.2,0,0,0
2022-12-12T21:00,18.3,94,0,100,19.9,0,0,0
2022-12-12T22:00,18.3,94,0,100,22.7,0,0,0
2022-12-12T23:00,18.2,95,0.1,100,21.7,0,0,0
2022-12-13T00:00,18.4,96,0,100,24.2,0,0,0
2022-12-13T01:00,18.4,95,1.4,100,25.8,0,0,0
2022-12-13T02:00,18.5,93,0,100,27.1,0,0,0
2022-12-13T03:00,18.4,94,0.6,99,26.5,0,0,0
2022-12-13T04:00,18.2,94,0,100,26.2,0,0,0
2022-12-13T05:00,18.2,94,0.1,100,23.5,0,0,0
2022-12-13T06:00,18.5,95,0,100,22.4,0,0,0
2022-12-13T07:00,18.2,95,0.9,100,24.2,0,0,0
2022-12-13T08:00,18.2,96,4.2,100,21.8,0,0,0
2022-12-13T09:00,18.4,94,0.2,100,28,9,0,9
2022-12-13T10:00,18.6,92,0.6,100,27.3,34,1,33
2022-12-13T11:00,18.6,92,0.2,100,25.8,64,5,59
2022-12-13T12:00,18.1,95,0,100,24.1,110,18,92
2022-12-13T13:00,18.3,92,0,100,28.3,80,16,64
2022-12-13T14:00,18.5,90,0,91,29.3,115,36,79
2022-12-13T15:00,18.4,90,0,93,29.4,108,39,69
2022-12-13T16:00,18.2,90,0,95,24.8,81,30,51
2022-12-13T17:00,17.9,91,0,77,19.6,30,10,20
2022-12-13T18:00,17.5,94,0,87,17.5,0,0,0
2022-12-13T19:00,17.3,94,0,73,15.3,0,0,0
2022-12-13T20:00,17.1,94,0,93,12.7,0,0,0
2022-12-13T21:00,17,94,0,90,13.3,0,0,0
2022-12-13T22:00,16.9,93,0,99,14.6,0,0,0
2022-12-13T23:00,16.8,93,0,100,13.5,0,0,0
2022-12-14T00:00,16.1,97,0,99,9.2,0,0,0
2022-12-14T01:00,16,96,0,100,9.7,0,0,0
2022-12-14T02:00,16,96,0,100,9.4,0,0,0
2022-12-14T03:00,16,95,0,100,9.5,0,0,0
2022-12-14T04:00,16,95,0,85,9.9,0,0,0
2022-12-14T05:00,15.7,96,0,73,8.6,0,0,0
2022-12-14T06:00,15.7,96,0,87,10.7,0,0,0
2022-12-14T07:00,15.6,95,0,84,9.7,0,0,0
2022-12-14T08:00,15.6,95,0,87,10.1,1,0,1
2022-12-14T09:00,15.9,94,0,76,11,43,14,29
2022-12-14T10:00,16.2,92,0,100,14.6,125,42,83
2022-12-14T11:00,16.4,92,0,100,16.4,156,20,136
2022-12-14T12:00,17.2,91,0,100,16.9,250,74,176
2022-12-14T13:00,16.7,88,0,65,19.2,228,87,141
2022-12-14T14:00,16.7,88,0,73,19.7,309,167,142
2022-12-14T15:00,16.3,87,0,74,21.1,228,119,109
2022-12-14T16:00,15.8,88,0,100,19.5,149,72,77
2022-12-14T17:00,15.3,89,0,80,16.9,48,8,40
2022-12-14T18:00,14.6,90,0,96,13.6,1,0,1
2022-12-14T19:00,14.4,92,0,100,14.7,0,0,0
2022-12-14T20:00,14.3,91,0,100,12.9,0,0,0
2022-12-14T21:00,14.1,92,0,99,11.8,0,0,0
2022-12-14T22:00,14.1,93,0,100,11.3,0,0,0
2022-12-14T23:00,14,92,0,100,10.6,0,0,0
2022-12-15T00:00,13.5,88,0,85,9,0,0,0
2022-12-15T01:00,13.3,90,0,69,9.2,0,0,0
2022-12-15T02:00,13,91,0,84,9,0,0,0
2022-12-15T03:00,12.8,91,0,84,8.8,0,0,0
2022-12-15T04:00,12.6,92,0,49,8.9,0,0,0
2022-12-15T05:00,12.5,92,0,51,6.8,0,0,0
2022-12-15T06:00,12.3,93,0,69,4.2,0,0,0
2022-12-15T07:00,12.1,93,0,68,4.5,0,0,0
2022-12-15T08:00,12,93,0,51,5.1,1,0,1
2022-12-15T09:00,12.6,93,0,58,7.4,63,25,38
2022-12-15T10:00,13.9,87,0,54,10.8,204,124,80
2022-12-15T11:00,14.5,82,0,62,14.2,316,207,109
2022-12-15T12:00,15,76,0,61,15.5,358,230,128
2022-12-15T13:00,15.1,76,0,66,17.2,370,238,132
2022-12-15T14:00,15.5,74,0,53,17.3,371,239,132
2022-12-15T15:00,15.3,74,0,40,16.1,320,208,112
2022-12-15T16:00,15.1,72,0,42,13.9,208,133,75
2022-12-15T17:00,14.4,76,0,50,12,76,41,35
2022-12-15T18:00,14.1,80,0,54,11.3,1,0,1
2022-12-15T19:00,13.7,85,0,60,10.9,0,0,0
2022-12-15T20:00,13.5,89,0,62,11.4,0,0,0
2022-12-15T21:00,13.8,87,0,98,12,0,0,0
2022-12-15T22:00,13.9,89,0,100,11.6,0,0,0
2022-12-15T23:00,14,89,0,91,13.7,0,0,0
2022-12-16T00:00,14.3,92,0,92,16.5,0,0,0
2022-12-16T01:00,14.2,93,0,89,15.8,0,0,0
2022-12-16T02:00,14.1,92,0,87,15.5,0,0,0
2022-12-16T03:00,14,92,0,94,13.5,0,0,0
2022-12-16T04:00,14.2,89,0,59,14.5,0,0,0
2022-12-16T05:00,14,91,0,61,13.1,0,0,0
2022-12-16T06:00,13.9,92,0,72,14.5,0,0,0
2022-12-16T07:00,13.9,92,0,61,15.9,0,0,0
2022-12-16T08:00,13.7,92,0,50,14.5,1,0,1
2022-12-16T09:00,14.2,90,0,41,13.7,63,28,35
2022-12-16T10:00,15.4,81,0,59,19.1,195,114,81
2022-12-16T11:00,15.6,80,0,48,21.6,284,175,109
2022-12-16T12:00,16.2,76,0,71,18.2,352,241,111
2022-12-16T13:00,16.3,74,0,42,18.1,384,255,129
2022-12-16T14:00,16.6,70,0,49,17.4,384,264,120
2022-12-16T15:00,16.5,70,0,99,15.3,320,208,112
2022-12-16T16:00,15.8,74,0,100,12.7,187,96,91
2022-12-16T17:00,14.8,79,0,100,9.2,62,11,51
2022-12-16T18:00,14.1,83,0,100,6.3,1,0,1
2022-12-16T19:00,13.6,87,0,100,5.2,0,0,0
2022-12-16T20:00,13.1,90,0,100,3.6,0,0,0
2022-12-16T21:00,12.7,92,0,94,4.1,0,0,0
2022-12-16T22:00,12.4,92,0,10,4.4,0,0,0
2022-12-16T23:00,12,92,0,25,4.7,0,0,0
2022-12-17T00:00,12.4,91,0,12,5.1,0,0,0
2022-12-17T01:00,12,93,0,50,3.6,0,0,0
2022-12-17T02:00,11.7,94,0,48,3.2,0,0,0
2022-12-17T03:00,11.5,94,0,65,3.1,0,0,0
2022-12-17T04:00,11.3,95,0,55,2.2,0,0,0
2022-12-17T05:00,11.1,95,0,41,2.5,0,0,0
2022-12-17T06:00,10.6,96,0,26,1,0,0,0
2022-12-17T07:00,10.6,96,0,52,1.5,0,0,0
2022-12-17T08:00,10.9,95,0,62,1.6,1,0,1
2022-12-17T09:00,11.6,93,0,64,0.5,64,25,39
2022-12-17T10:00,12.8,94,0,57,3,193,101,92
2022-12-17T11:00,14.3,87,0,51,3.9,301,184,117
2022-12-17T12:00,15.3,80,0,76,5.8,348,223,125
2022-12-17T13:00,15.7,76,0,74,7.6,348,221,127
2022-12-17T14:00,15.9,74,0,50,9.2,327,207,120
2022-12-17T15:00,15.9,76,0,26,8.7,311,215,96
2022-12-17T16:00,15.6,79,0,1,7.4,219,157,62
2022-12-17T17:00,14.8,84,0,0,5.5,80,51,29
2022-12-17T18:00,13.9,90,0,12,4.7,2,1,1
2022-12-17T19:00,13.3,93,0,14,4,0,0,0
2022-12-17T20:00,13.1,94,0,28,3.8,0,0,0
2022-12-17T21:00,12.9,96,0,45,4.2,0,0,0
2022-12-17T22:00,12.9,96,0,55,4.9,0,0,0
2022-12-17T23:00,12.9,94,0,48,5.1,0,0,0
2022-12-18T00:00,12.8,92,0,62,7.7,0,0,0
2022-12-18T01:00,12.6,90,0,34,7.4,0,0,0
2022-12-18T02:00,12.2,91,0,0,7.1,0,0,0
2022-12-18T03:00,11.9,92,0,26,6.9,0,0,0
2022-12-18T04:00,11.8,92,0,32,7.1,0,0,0
2022-12-18T05:00,11.6,91,0,26,7.4,0,0,0
2022-12-18T06:00,11.3,95,0,53,8.4,0,0,0
2022-12-18T07:00,11.3,94,0,51,8.9,0,0,0
2022-12-18T08:00,11.2,94,0,89,8.9,1,0,1
2022-12-18T09:00,11.6,92,0,81,10.9,58,16,42
2022-12-18T10:00,12.4,91,0,61,13.8,180,89,91
2022-12-18T11:00,13.7,88,0,65,17.9,295,167,128
2022-12-18T12:00,15.2,85,0,52,16.3,352,200,152
2022-12-18T13:00,16.5,80,0,99,19.1,357,199,158
2022-12-18T14:00,17.5,73,0,99,21.3,335,201,134
2022-12-18T15:00,17.6,74,0,68,18.1,273,146,127
2022-12-18T16:00,17.1,81,0,58,15.1,186,101,85
2022-12-18T17:00,16.4,85,0,70,10.9,64,25,39
2022-12-18T18:00,16,89,0,99,9.3,1,0,1
2022-12-18T19:00,15.9,90,0,100,11,0,0,0
2022-12-18T20:00,15.3,86,0,100,14.8,0,0,0
2022-12-18T21:00,15,84,0,100,17.2,0,0,0
2022-12-18T22:00,14.7,86,0,97,18,0,0,0
2022-12-18T23:00,14.4,88,0,72,17.2,0,0,0
2022-12-19T00:00,14.2,91,0,99,18.4,0,0,0
2022-12-19T01:00,13.9,93,0,100,17.3,0,0,0
2022-12-19T02:00,13.8,94,0,100,17.7,0,0,0
2022-12-19T03:00,13.9,93,0,100,15.7,0,0,0
2022-12-19T04:00,14,93,0,99,15.5,0,0,0
2022-12-19T05:00,13.8,93,0,99,15.6,0,0,0
2022-12-19T06:00,13.6,94,0,100,18.4,0,0,0
2022-12-19T07:00,13.6,94,0,99,18.4,0,0,0
2022-12-19T08:00,13.6,95,0,100,18,0,0,0
2022-12-19T09:00,14,93,0,100,19.1,39,3,36
2022-12-19T10:00,14.7,91,0,100,19.4,126,17,109
2022-12-19T11:00,15.7,88,0,100,22.7,213,49,164
2022-12-19T12:00,17.3,80,0,100,22.6,238,48,190
2022-12-19T13:00,17.7,79,0,100,26.6,235,52,183
2022-12-19T14:00,17.8,78,0,100,28.1,202,16,186
2022-12-19T15:00,17.6,79,0,100,27,172,32,140
2022-12-19T16:00,17.5,80,0,100,26.3,109,12,97
2022-12-19T17:00,17.5,78,0,100,24.9,38,0,38
2022-12-19T18:00,17,83,0,94,23.1,1,0,1
2022-12-19T19:00,17,84,0,100,23.2,0,0,0
2022-12-19T20:00,16.9,86,0,98,23.2,0,0,0
2022-12-19T21:00,16.9,87,0,95,23.5,0,0,0
2022-12-19T22:00,16.7,89,0,98,23.2,0,0,0
2022-12-19T23:00,16.7,91,0,97,24.2,0,0,0
2022-12-20T00:00,16.8,92,0,100,26.6,0,0,0
2022-12-20T01:00,17,93,0,100,30.3,0,0,0
2022-12-20T02:00,17,93,0,100,31.9,0,0,0
2022-12-20T03:00,17,93,0,100,32,0,0,0
2022-12-20T04:00,17,93,0,100,29.5,0,0,0
2022-12-20T05:00,17.1,92,0,100,29.8,0,0,0
2022-12-20T06:00,17,94,0,100,27,0,0,0
2022-12-20T07:00,17,95,0.2,100,24.7,0,0,0
2022-12-20T08:00,17.1,95,0,100,22.9,0,0,0
2022-12-20T09:00,17.1,95,0,89,20.5,17,3,14
2022-12-20T10:00,17.5,92,0,85,18.9,87,31,56
2022-12-20T11:00,17.7,88,0,79,19.9,166,58,108
2022-12-20T12:00,17.7,91,0,85,19.5,254,119,135
2022-12-20T13:00,18.1,88,0,78,20.6,268,131,137
2022-12-20T14:00,18.2,84,0,78,21.1,265,142,123
2022-12-20T15:00,17.8,86,0,62,20.3,214,112,102
2022-12-20T16:00,17.3,85,0,59,19.1,164,82,82
2022-12-20T17:00,16.8,87,0,56,14,53,21,32
2022-12-20T18:00,16.2,92,0,58,10,1,0,1
2022-12-20T19:00,15.9,93,0,63,8.5,0,0,0
2022-12-20T20:00,15.8,94,0,76,8.3,0,0,0
2022-12-20T21:00,15.7,94,0,100,8.2,0,0,0
2022-12-20T22:00,15.4,94,0,99,6.7,0,0,0
2022-12-20T23:00,15.4,94,0,99,7.5,0,0,0
2022-12-21T00:00,15.3,97,0,96,7.6,0,0,0
2022-12-21T01:00,15.4,95,0,100,8.4,0,0,0
2022-12-21T02:00,15.5,94,0,100,8,0,0,0
2022-12-21T03:00,15.3,94,0,92,6.9,0,0,0
2022-12-21T04:00,15.2,94,0,71,6.4,0,0,0
2022-12-21T05:00,15,94,0,86,6.4,0,0,0
2022-12-21T06:00,15,95,0,92,7,0,0,0
2022-12-21T07:00,15.1,95,0,85,7.4,0,0,0
2022-12-21T08:00,15.1,95,0,88,8,0,0,0
2022-12-21T09:00,15.7,93,0,86,8.9,44,11,33
2022-12-21T10:00,16.6,89,0,88,13.2,150,63,87
2022-12-21T11:00,17.3,84,0,100,15.3,222,93,129
2022-12-21T12:00,17.5,87,0,100,15.9,281,134,147
2022-12-21T13:00,17.8,85,0,100,15.5,316,144,172
2022-12-21T14:00,17.8,85,0,100,14.7,295,122,173
2022-12-21T15:00,17.5,86,0,100,13.6,194,41,153
2022-12-21T16:00,17.1,89,0,100,12,124,17,107
2022-12-21T17:00,16.6,92,0,100,8.2,38,1,37
2022-12-21T18:00,16,96,0,100,7.8,1,0,1
2022-12-21T19:00,15.9,96,0,100,7,0,0,0
2022-12-21T20:00,15.8,96,0,92,6.9,0,0,0
2022-12-21T21:00,15.8,96,0,90,6.6,0,0,0
2022-12-21T22:00,15.7,95,0,86,5.2,0,0,0
2022-12-21T23:00,15.7,95,0,89,7.4,0,0,0
2022-12-22T00:00,15.6,97,0,80,7.6,0,0,0
2022-12-22T01:00,15.6,97,0,90,6.8,0,0,0
2022-12-22T02:00,15.6,96,0,81,5,0,0,0
2022-12-22T03:00,15.5,97,0,78,3.7,0,0,0
2022-12-22T04:00,15.4,97,0,87,4,0,0,0
2022-12-22T05:00,15.6,97,0,88,4.9,0,0,0
2022-12-22T06:00,15.7,98,0,84,5.1,0,0,0
2022-12-22T07:00,15.8,98,0,79,5.5,0,0,0
2022-12-22T08:00,15.7,98,0,81,4.7,0,0,0
2022-12-22T09:00,16.1,97,0,82,5.5,36,9,27
2022-12-22T10:00,16.7,95,0,83,10.8,108,45,63
2022-12-22T11:00,17,92,0,81,14.8,166,82,84
2022-12-22T12:00,17,91,0,84,13.6,186,84,102
2022-12-22T13:00,17.4,90,0,67,14,282,145,137
2022-12-22T14:00,17.4,88,0,73,13.7,287,158,129
2022-12-22T15:00,17.4,87,0,60,11.3,240,132,108
2022-12-22T16:00,17.2,88,0,79,8.5,173,88,85
2022-12-22T17:00,16.7,91,0,76,5.9,59,21,38
2022-12-22T18:00,16.2,95,0,86,5.1,1,0,1
2022-12-22T19:00,15.9,96,0,82,4.7,0,0,0
2022-12-22T20:00,15.7,97,0,72,4.4,0,0,0
2022-12-22T21:00,15.6,97,0,75,4.7,0,0,0
2022-12-22T22:00,15.5,97,0,74,5.9,0,0,0
2022-12-22T23:00,15.4,97,0,75,6.8,0,0,0
2022-12-23T00:00,15.6,97,0,77,10.9,0,0,0
2022-12-23T01:00,15.5,96,0,76,9.8,0,0,0
2022-12-23T02:00,15.4,97,0,83,9.4,0,0,0
2022-12-23T03:00,15.6,95,0,88,9.7,0,0,0
2022-12-23T04:00,15.6,94,0,82,8,0,0,0
2022-12-23T05:00,15.6,94,0,79,4.7,0,0,0
2022-12-23T06:00,14.8,97,0,85,5.9,0,0,0
2022-12-23T07:00,14.7,98,0,75,6.2,0,0,0
2022-12-23T08:00,14.5,98,0,80,5.9,0,0,0
2022-12-23T09:00,14.7,98,0,74,6.8,40,13,27
2022-12-23T10:00,15.6,93,0,89,11.4,123,39,84
2022-12-23T11:00,16.6,88,0,77,14.4,203,93,110
2022-12-23T12:00,16.7,87,0,59,14.4,290,167,123
2022-12-23T13:00,17.1,85,0,57,15,345,203,142
2022-12-23T14:00,17.2,83,0,90,13.7,322,176,146
2022-12-23T15:00,17.3,81,0,70,15.2,281,165,116
2022-12-23T16:00,17,84,0,61,13.8,168,82,86
2022-12-23T17:00,16.5,86,0,78,10.2,62,23,39
2022-12-23T18:00,15.9,86,0,72,9.1,1,0,1
2022-12-23T19:00,15.7,90,0,69,9.2,0,0,0
2022-12-23T20:00,15.6,92,0,81,10.2,0,0,0
2022-12-23T21:00,15.4,91,0,88,10.4,0,0,0
2022-12-23T22:00,15.3,89,0,82,10.5,0,0,0
2022-12-23T23:00,15.2,90,0,85,10.9,0,0,0
2022-12-24T00:00,15.1,93,0,73,10.7,0,0,0
2022-12-24T01:00,15,92,0,76,10.4,0,0,0
2022-12-24T02:00,15.1,92,0,80,10.7,0,0,0
2022-12-24T03:00,15.3,92,0,73,10.9,0,0,0
2022-12-24T04:00,15,94,0,73,13,0,0,0
2022-12-24T05:00,15,93,0,74,12.8,0,0,0
2022-12-24T06:00,15,93,0,81,12.8,0,0,0
2022-12-24T07:00,14.9,94,0,74,11.8,0,0,0
2022-12-24T08:00,15.1,95,0,75,11.3,0,0,0
2022-12-24T09:00,15.6,93,0,75,12.3,34,10,24
2022-12-24T10:00,16.3,89,0,90,18.4,113,47,66
2022-12-24T11:00,17.1,85,0,85,21,232,126,106
2022-12-24T12:00,17.2,83,0,55,25.1,243,123,120
2022-12-24T13:00,17.3,83,0,64,25.3,282,148,134
2022-12-24T14:00,17.5,80,0,57,23.7,350,214,136
2022-12-24T15:00,17.6,80,0,54,22.9,289,172,117
2022-12-24T16:00,17.3,81,0,73,23.2,191,106,85
2022-12-24T17:00,16.9,83,0,89,21.3,60,20,40
2022-12-24T18:00,16.5,86,0,84,22,1,0,1
2022-12-24T19:00,16.2,90,0,86,22.3,0,0,0
2022-12-24T20:00,16.2,89,0,96,28.4,0,0,0
2022-12-24T21:00,16,91,0,93,25.6,0,0,0
2022-12-24T22:00,16.2,89,0,89,29.4,0,0,0
2022-12-24T23:00,16.4,88,0,69,27.3,0,0,0
2022-12-25T00:00,16.2,89,0,72,29.4,0,0,0
2022-12-25T01:00,16.2,90,0,88,29.2,0,0,0
2022-12-25T02:00,16.1,91,0,88,28,0,0,0
2022-12-25T03:00,16.3,91,0,96,26.4,0,0,0
2022-12-25T04:00,16.5,89,0,99,27,0,0,0
2022-12-25T05:00,16.6,90,0,100,23.7,0,0,0
2022-12-25T06:00,15.6,94,0,100,18.4,0,0,0
2022-12-25T07:00,16,93,0,100,20.3,0,0,0
2022-12-25T08:00,16,92,0,100,19.2,0,0,0
2022-12-25T09:00,15.9,93,0.1,100,16.5,11,0,11
2022-12-25T10:00,15.9,93,0.1,100,16.2,45,0,45
2022-12-25T11:00,16.1,93,0.2,100,16.5,65,1,64
2022-12-25T12:00,16.1,93,0,100,15.5,72,1,71
2022-12-25T13:00,16.2,91,0,100,16.1,158,8,150
2022-12-25T14:00,16,90,0,100,14.3,113,1,112
2022-12-25T15:00,15.8,91,0,100,11.8,85,1,84
2022-12-25T16:00,15.6,91,0.2,100,9.7,54,0,54
2022-12-25T17:00,15,91,0.5,100,8.9,14,0,14
2022-12-25T18:00,14.5,93,0,100,3.1,0,0,0
2022-12-25T19:00,14.3,94,0.3,100,2.2,0,0,0
2022-12-25T20:00,14.2,94,0.3,99,2.3,0,0,0
2022-12-25T21:00,14.2,93,0.1,99,4.2,0,0,0
2022-12-25T22:00,14.2,94,0,100,3.9,0,0,0
2022-12-25T23:00,14.2,94,0,100,3.9,0,0,0
2022-12-26T00:00,13.6,95,0,66,5.2,0,0,0
2022-12-26T01:00,13.6,95,0,85,5.5,0,0,0
2022-12-26T02:00,13.6,95,0,84,6.2,0,0,0
2022-12-26T03:00,13.5,94,0,82,5.6,0,0,0
2022-12-26T04:00,13.5,94,0,87,4.2,0,0,0
2022-12-26T05:00,13.5,93,0,89,5.3,0,0,0
2022-12-26T06:00,13.3,95,0,100,6.5,0,0,0
2022-12-26T07:00,13.5,96,0,100,8.1,0,0,0
2022-12-26T08:00,13.7,97,0,80,9.7,0,0,0
2022-12-26T09:00,14.2,96,0,82,11,40,11,29
2022-12-26T10:00,15.1,92,0,91,15.1,114,31,83
2022-12-26T11:00,15.8,92,0,93,13.4,217,96,121
2022-12-26T12:00,16.9,86,0,64,10.2,297,173,124
2022-12-26T13:00,17.9,82,0,67,11.7,386,248,138
2022-12-26T14:00,18.4,81,0,34,9.5,370,249,121
2022-12-26T15:00,18.6,80,0,34,8.3,326,243,83
2022-12-26T16:00,18.4,80,0,22,5.4,231,168,63
2022-12-26T17:00,17.5,84,0,5,2.6,87,52,35
2022-12-26T18:00,16.6,88,0,19,2.1,3,1,2
2022-12-26T19:00,16.1,89,0,29,1.5,0,0,0
2022-12-26T20:00,15.7,91,0,13,1.4,0,0,0
2022-12-26T21:00,14.6,97,0,47,3.8,0,0,0
2022-12-26T22:00,13.9,100,0,54,3.3,0,0,0
2022-12-26T23:00,13.8,100,0,57,3.4,0,0,0
2022-12-27T00:00,13.2,100,0,89,2.6,0,0,0
2022-12-27T01:00,12.8,100,0,99,2.4,0,0,0
2022-12-27T02:00,12.9,100,0,100,3.2,0,0,0
2022-12-27T03:00,12.7,100,0,100,2.9,0,0,0
2022-12-27T04:00,12.3,100,0,100,3.5,0,0,0
2022-12-27T05:00,11.8,100,0,100,4.9,0,0,0
2022-12-27T06:00,11.5,100,0,98,4.4,0,0,0
2022-12-27T07:00,11.5,100,0,99,4,0,0,0
2022-12-27T08:00,11.6,100,0,99,4.4,0,0,0
2022-12-27T09:00,11.6,100,0,95,4.7,35,3,32
2022-12-27T10:00,12,100,0,93,4.7,113,22,91
2022-12-27T11:00,12.8,99,0,87,4.3,219,72,147
2022-12-27T12:00,13.5,99,0,82,5.8,315,143,172
2022-12-27T13:00,14.2,98,0,81,5.8,332,144,188
2022-12-27T14:00,15.7,92,0,46,6.3,375,217,158
2022-12-27T15:00,16.7,87,0,37,7.8,343,234,109
2022-12-27T16:00,16.8,86,0,27,6.9,230,153,77
2022-12-27T17:00,16.3,87,0,0,5.4,90,54,36
2022-12-27T18:00,14.9,91,0,0,4,3,1,2
2022-12-27T19:00,14.2,93,0,0,3.7,0,0,0
2022-12-27T20:00,13.6,94,0,0,3.4,0,0,0
2022-12-27T21:00,13.3,95,0,0,3,0,0,0
2022-12-27T22:00,13.1,95,0,0,1.8,0,0,0
2022-12-27T23:00,13.1,94,0,0,1.1,0,0,0
2022-12-28T00:00,12.4,97,0,20,1.1,0,0,0
2022-12-28T01:00,11.9,99,0,56,0.7,0,0,0
2022-12-28T02:00,11.7,100,0,66,1.5,0,0,0
2022-12-28T03:00,10.4,100,0,92,3,0,0,0
2022-12-28T04:00,9.6,100,0,97,4.3,0,0,0
2022-12-28T05:00,8.7,99,0,100,4.7,0,0,0
2022-12-28T06:00,8.9,100,0,100,4.3,0,0,0
2022-12-28T07:00,9.2,100,0,100,2.6,0,0,0
2022-12-28T08:00,8.9,100,0,100,3.1,0,0,0
2022-12-28T09:00,8.9,100,0,100,0.8,33,3,30
2022-12-28T10:00,9.5,100,0,98,1.9,115,26,89
2022-12-28T11:00,10.7,98,0,97,1.6,239,97,142
2022-12-28T12:00,12.7,89,0,52,1.8,340,175,165
2022-12-28T13:00,14.2,85,0,58,1,389,247,142
2022-12-28T14:00,15.7,81,0,100,1.1,407,261,146
2022-12-28T15:00,16.4,80,0,100,3.9,259,73,186
2022-12-28T16:00,16.9,70,0,100,5.9,149,20,129
2022-12-28T17:00,16,75,0,100,5.6,63,6,57
2022-12-28T18:00,14.7,87,0,79,5.2,2,0,2
2022-12-28T19:00,14.5,91,0,89,5.4,0,0,0
2022-12-28T20:00,14.5,92,0,93,5.6,0,0,0
2022-12-28T21:00,14.6,94,0,96,6.4,0,0,0
2022-12-28T22:00,14.8,95,0,88,8.2,0,0,0
2022-12-28T23:00,15,93,0,98,8.2,0,0,0
2022-12-29T00:00,15.3,96,0,97,10,0,0,0
2022-12-29T01:00,15,95,0,98,11.9,0,0,0
2022-12-29T02:00,15,93,0,99,10.2,0,0,0
2022-12-29T03:00,15,93,0,100,10.5,0,0,0
2022-12-29T04:00,14.9,93,0.3,100,12.6,0,0,0
2022-12-29T05:00,14.9,94,2.6,100,12.8,0,0,0
2022-12-29T06:00,14.6,94,0,91,7.4,0,0,0
2022-12-29T07:00,14.5,94,0,89,7.6,0,0,0
2022-12-29T08:00,14.6,93,0,91,7.1,0,0,0
2022-12-29T09:00,15.1,91,0,98,8.9,29,3,26
2022-12-29T10:00,15.7,88,0,94,12.4,87,25,62
2022-12-29T11:00,15.9,86,0,95,17.4,150,41,109
2022-12-29T12:00,16.4,88,0,94,19.2,141,34,107
2022-12-29T13:00,16.5,88,0,96,21,217,56,161
2022-12-29T14:00,16.4,86,0,99,19.8,125,20,105
2022-12-29T15:00,16.9,81,0,86,21.6,150,49,101
2022-12-29T16:00,16.7,81,0,83,20.6,147,52,95
2022-12-29T17:00,16.2,82,0,87,17.3,59,12,47
2022-12-29T18:00,15.9,90,0,82,13.8,2,0,2
2022-12-29T19:00,15.9,91,0,89,14.6,0,0,0
2022-12-29T20:00,16.1,89,0,95,16.2,0,0,0
2022-12-29T21:00,16.1,89,0,87,17,0,0,0
2022-12-29T22:00,16.1,86,0,99,15.5,0,0,0
2022-12-29T23:00,16,88,0,93,15.1,0,0,0
2022-12-30T00:00,16.2,83,0,95,17.3,0,0,0
2022-12-30T01:00,16.1,83,0,100,16.8,0,0,0
2022-12-30T02:00,16.1,83,0,100,16.8,0,0,0
2022-12-30T03:00,16.2,83,0,100,16.9,0,0,0
2022-12-30T04:00,16.1,84,0,92,17.3,0,0,0
2022-12-30T05:00,16.1,83,0,95,17.8,0,0,0
2022-12-30T06:00,15.9,87,0,83,16.3,0,0,0
2022-12-30T07:00,16,86,0,96,15.9,0,0,0
2022-12-30T08:00,16.2,84,0,100,17.1,0,0,0
2022-12-30T09:00,16.4,83,0,100,17.6,44,9,35
2022-12-30T10:00,17.1,79,0,100,20.5,175,82,93
2022-12-30T11:00,17.6,76,0,99,22.9,283,138,145
2022-12-30T12:00,17.4,82,0,100,23.2,327,137,190
2022-12-30T13:00,17.7,80,0,100,24.7,329,113,216
2022-12-30T14:00,17.6,81,0,100,24.9,338,124,214
2022-12-30T15:00,17.3,82,0,81,23.6,296,151,145
2022-12-30T16:00,16.9,81,0,50,21.2,216,130,86
2022-12-30T17:00,16.3,85,0,71,17.8,86,39,47
2022-12-30T18:00,15.6,87,0,100,16.8,3,1,2
2022-12-30T19:00,15.5,87,0,100,17.5,0,0,0
2022-12-30T20:00,15.5,86,0,100,19,0,0,0
2022-12-30T21:00,15.7,85,0,100,18,0,0,0
2022-12-30T22:00,15.6,86,0,97,18.4,0,0,0
2022-12-30T23:00,15.1,89,0,62,16.2,0,0,0
2022-12-31T00:00,14.7,93,0,72,14.7,0,0,0
2022-12-31T01:00,14.1,91,0,71,13.1,0,0,0
2022-12-31T02:00,13.6,92,0,69,11.6,0,0,0
2022-12-31T03:00,13.3,92,0,64,11.6,0,0,0
2022-12-31T04:00,12.8,94,0,52,11.1,0,0,0
2022-12-31T05:00,12.4,95,0,51,10.9,0,0,0
2022-12-31T06:00,11.3,97,0,68,12.4,0,0,0
2022-12-31T07:00,11.1,95,0,57,12,0,0,0
2022-12-31T08:00,10.9,93,0,50,11,0,0,0
2022-12-31T09:00,11.3,91,0,45,11.1,60,27,33
2022-12-31T10:00,12.5,86,0,63,11.7,201,136,65
2022-12-31T11:00,13.8,84,0,69,13.7,272,176,96
2022-12-31T12:00,14.8,83,0,71,15,325,196,129
2022-12-31T13:00,16.1,81,0,64,14.6,375,232,143
2022-12-31T14:00,17.5,73,0,75,16.9,365,233,132
2022-12-31T15:00,17.6,76,0,86,21.6,252,111,141
2022-12-31T16:00,17.3,80,0,92,22.1,142,43,99
2022-12-31T17:00,17.2,83,0,89,22,42,7,35
2022-12-31T18:00,17.2,80,0,83,19.5,2,0,2
2022-12-31T19:00,16.9,81,0,66,18,0,0,0
2022-12-31T20:00,16.7,80,0,90,14.4,0,0,0
2022-12-31T21:00,16.6,79,0,85,14.3,0,0,0
2022-12-31T22:00,16.4,80,0,52,13.4,0,0,0
2022-12-31T23:00,15.9,83,0,48,12.4,0,0,0
